<?xml version="1.0" encoding="UTF-8"?>
<export version="D">
  <design>
    <source>/home/jb/Dokumenty/Lampa/repo/kicad/plytka_0_1.sch</source>
    <date>sob, 17 lis 2018, 12:57:23</date>
    <tool>Eeschema 4.0.2+dfsg1-stable</tool>
    <sheet number="1" name="/" tstamps="/">
      <title_block>
        <title/>
        <company/>
        <rev/>
        <date/>
        <source>plytka_0_1.sch</source>
        <comment number="1" value=""/>
        <comment number="2" value=""/>
        <comment number="3" value=""/>
        <comment number="4" value=""/>
      </title_block>
    </sheet>
  </design>
  <components>
    <comp ref="U3">
      <value>NodeMCU_Amica_R2</value>
      <footprint>nodemcu:NodeMCU_Amica_R2</footprint>
      <libsource lib="nodemcu" part="NodeMCU_Amica_R2"/>
      <sheetpath names="/" tstamps="/"/>
      <tstamp>5BE99C42</tstamp>
    </comp>
    <comp ref="P4">
      <value>DS18b20_1</value>
      <footprint>Connect:bornier3</footprint>
      <libsource lib="conn" part="CONN_01X03"/>
      <sheetpath names="/" tstamps="/"/>
      <tstamp>5BE9AEF3</tstamp>
    </comp>
    <comp ref="P5">
      <value>DS18b20_2</value>
      <footprint>Connect:bornier3</footprint>
      <libsource lib="conn" part="CONN_01X03"/>
      <sheetpath names="/" tstamps="/"/>
      <tstamp>5BE9AF18</tstamp>
    </comp>
    <comp ref="P2">
      <value>230V</value>
      <footprint>Connect:bornier3</footprint>
      <libsource lib="conn" part="CONN_01X03"/>
      <sheetpath names="/" tstamps="/"/>
      <tstamp>5BE9B561</tstamp>
    </comp>
    <comp ref="JP2">
      <value>JUMPER(NC)</value>
      <footprint>Pin_Headers:Pin_Header_Straight_1x02</footprint>
      <libsource lib="device" part="JUMPER"/>
      <sheetpath names="/" tstamps="/"/>
      <tstamp>5BE9B866</tstamp>
    </comp>
    <comp ref="F1">
      <value>FUSE</value>
      <footprint>Fuse_Holders_and_Fuses:Fuseholder5x20_horiz_open_inline_Type-I</footprint>
      <libsource lib="device" part="FUSE"/>
      <sheetpath names="/" tstamps="/"/>
      <tstamp>5BE9BAED</tstamp>
    </comp>
    <comp ref="P3">
      <value>MEAN_WELL</value>
      <footprint>Connect:bornier3</footprint>
      <libsource lib="conn" part="CONN_01X03"/>
      <sheetpath names="/" tstamps="/"/>
      <tstamp>5BE9BF7B</tstamp>
    </comp>
    <comp ref="P1">
      <value>LED_SUPPY</value>
      <footprint>Connect:bornier4</footprint>
      <libsource lib="conn" part="CONN_01X04"/>
      <sheetpath names="/" tstamps="/"/>
      <tstamp>5BE9C3AA</tstamp>
    </comp>
    <comp ref="RLY1">
      <value>RELAY_T9AS5x1</value>
      <footprint>Relays_ThroughHole:Relay_SANYOU_SRD_Series_Form_C</footprint>
      <libsource lib="w_relay" part="RELAY_T9AS5x1"/>
      <sheetpath names="/" tstamps="/"/>
      <tstamp>5BE9C606</tstamp>
    </comp>
    <comp ref="D1">
      <value>1N4148</value>
      <footprint>Discret:D3</footprint>
      <libsource lib="device" part="D"/>
      <sheetpath names="/" tstamps="/"/>
      <tstamp>5BE9CA3D</tstamp>
    </comp>
    <comp ref="R1">
      <value>4k7</value>
      <footprint>Discret:R4</footprint>
      <libsource lib="device" part="R"/>
      <sheetpath names="/" tstamps="/"/>
      <tstamp>5BE9CEE6</tstamp>
    </comp>
    <comp ref="F2">
      <value>FUSE</value>
      <footprint>Fuse_Holders_and_Fuses:Fuseholder5x20_horiz_open_inline_Type-I</footprint>
      <libsource lib="device" part="FUSE"/>
      <sheetpath names="/" tstamps="/"/>
      <tstamp>5BE9D875</tstamp>
    </comp>
    <comp ref="C6">
      <value>1n</value>
      <footprint>Capacitors_ThroughHole:C_Disc_D6_P5</footprint>
      <libsource lib="device" part="C"/>
      <sheetpath names="/" tstamps="/"/>
      <tstamp>5BE9E45E</tstamp>
    </comp>
    <comp ref="C7">
      <value>100n</value>
      <footprint>Capacitors_ThroughHole:C_Disc_D6_P5</footprint>
      <libsource lib="device" part="C"/>
      <sheetpath names="/" tstamps="/"/>
      <tstamp>5BE9E654</tstamp>
    </comp>
    <comp ref="R2">
      <value>4k7</value>
      <footprint>Discret:R4</footprint>
      <libsource lib="device" part="R"/>
      <sheetpath names="/" tstamps="/"/>
      <tstamp>5BEA0366</tstamp>
    </comp>
    <comp ref="Q2">
      <value>IRL540N</value>
      <footprint>Power_Integrations:TO-220</footprint>
      <libsource lib="transistors" part="IRF540N"/>
      <sheetpath names="/" tstamps="/"/>
      <tstamp>5BEA2D0C</tstamp>
    </comp>
    <comp ref="R7">
      <value>100</value>
      <footprint>Discret:R4</footprint>
      <libsource lib="device" part="R"/>
      <sheetpath names="/" tstamps="/"/>
      <tstamp>5BEA2E6D</tstamp>
    </comp>
    <comp ref="R8">
      <value>10k</value>
      <footprint>Discret:R4</footprint>
      <libsource lib="device" part="R"/>
      <sheetpath names="/" tstamps="/"/>
      <tstamp>5BEA2EDE</tstamp>
    </comp>
    <comp ref="JP1">
      <value>JUMPER(NC)</value>
      <footprint>Pin_Headers:Pin_Header_Straight_1x02</footprint>
      <libsource lib="device" part="JUMPER"/>
      <sheetpath names="/" tstamps="/"/>
      <tstamp>5BEA4A0D</tstamp>
    </comp>
    <comp ref="T1">
      <value>TRANSFO</value>
      <footprint>Transformers_CHK:Trafo_CHK-EI30-2VA_Neutral</footprint>
      <libsource lib="plytka_0_1-rescue" part="TRANSFO-RESCUE-plytka_0_1"/>
      <sheetpath names="/" tstamps="/"/>
      <tstamp>5BEB3DCF</tstamp>
    </comp>
    <comp ref="D2">
      <value>Diode_Bridge</value>
      <footprint>w_pth_diodes:bridge_wob</footprint>
      <libsource lib="device" part="Diode_Bridge"/>
      <sheetpath names="/" tstamps="/"/>
      <tstamp>5BEB3F00</tstamp>
    </comp>
    <comp ref="C1">
      <value>470u</value>
      <footprint>Capacitors_ThroughHole:C_Radial_D8_L13_P3.8</footprint>
      <libsource lib="device" part="CP"/>
      <sheetpath names="/" tstamps="/"/>
      <tstamp>5BEB4310</tstamp>
    </comp>
    <comp ref="U2">
      <value>TLE_4266</value>
      <footprint>TO_SOT_Packages_SMD:SOT-223</footprint>
      <libsource lib="plytka_0_1-cache" part="TLE_4266"/>
      <sheetpath names="/" tstamps="/"/>
      <tstamp>5BEB464D</tstamp>
    </comp>
    <comp ref="C2">
      <value>100n</value>
      <footprint>Capacitors_ThroughHole:C_Disc_D6_P5</footprint>
      <libsource lib="device" part="C"/>
      <sheetpath names="/" tstamps="/"/>
      <tstamp>5BEB5033</tstamp>
    </comp>
    <comp ref="C3">
      <value>22u</value>
      <footprint>Capacitors_ThroughHole:C_Radial_D5_L6_P2.5</footprint>
      <libsource lib="device" part="CP"/>
      <sheetpath names="/" tstamps="/"/>
      <tstamp>5BEB85A0</tstamp>
    </comp>
    <comp ref="U1">
      <value>ACS712ELCTR-05B-T</value>
      <footprint>Housings_SOIC:SOIC-8_3.9x4.9mm_Pitch1.27mm</footprint>
      <datasheet>SOIC-8 Allegro MicroSystems LLC</datasheet>
      <fields>
        <field name="Field4">Allegro MicroSystems LLC</field>
        <field name="Field5">Fully Integrated, Hall Effect-Based Linear Current Sensor IC with 2.1 kVRMS Voltage Isolation and a Low-Resistance Cu...</field>
        <field name="Field6">Unavailable</field>
        <field name="Field7">ACS712ELCTR-05B-T</field>
        <field name="Field8">None</field>
      </fields>
      <libsource lib="ACS712ELCTR-05B-T" part="ACS712ELCTR-05B-T"/>
      <sheetpath names="/" tstamps="/"/>
      <tstamp>5BE9DD7E</tstamp>
    </comp>
    <comp ref="P8">
      <value>ESP_PIN1(NC)</value>
      <footprint>Pin_Headers:Pin_Header_Straight_1x02</footprint>
      <libsource lib="conn" part="CONN_01X02"/>
      <sheetpath names="/" tstamps="/"/>
      <tstamp>5BEBDA83</tstamp>
    </comp>
    <comp ref="P9">
      <value>ESP_PINS2(NC)</value>
      <footprint>Pin_Headers:Pin_Header_Straight_1x02</footprint>
      <libsource lib="conn" part="CONN_01X02"/>
      <sheetpath names="/" tstamps="/"/>
      <tstamp>5BEBDCCF</tstamp>
    </comp>
    <comp ref="U4">
      <value>LD1117S50TR</value>
      <footprint>TO_SOT_Packages_SMD:SOT-223</footprint>
      <libsource lib="regul" part="LD1117S50TR"/>
      <sheetpath names="/" tstamps="/"/>
      <tstamp>5BEC8403</tstamp>
    </comp>
    <comp ref="C5">
      <value>100u</value>
      <footprint>Capacitors_ThroughHole:C_Radial_D6.3_L11.2_P2.5</footprint>
      <libsource lib="device" part="CP"/>
      <sheetpath names="/" tstamps="/"/>
      <tstamp>5BEC865F</tstamp>
    </comp>
    <comp ref="C4">
      <value>10u</value>
      <footprint>Capacitors_ThroughHole:C_Radial_D5_L11_P2.5</footprint>
      <libsource lib="device" part="CP"/>
      <sheetpath names="/" tstamps="/"/>
      <tstamp>5BEC870D</tstamp>
    </comp>
    <comp ref="U5">
      <value>MCP3208</value>
      <footprint>Housings_SOIC:SOIC-16_7.5x10.3mm_Pitch1.27mm</footprint>
      <libsource lib="plytka_0_1-cache" part="MCP3008-RESCUE-plytka_0_1"/>
      <sheetpath names="/" tstamps="/"/>
      <tstamp>5BEA0DE2</tstamp>
    </comp>
    <comp ref="P10">
      <value>LV_POWER</value>
      <footprint>Pin_Headers:Pin_Header_Straight_2x05</footprint>
      <libsource lib="conn" part="CONN_02X05"/>
      <sheetpath names="/" tstamps="/"/>
      <tstamp>5BEC67AF</tstamp>
    </comp>
    <comp ref="JP3">
      <value>JUMPER(NC)</value>
      <footprint>Pin_Headers:Pin_Header_Straight_1x02</footprint>
      <libsource lib="device" part="JUMPER"/>
      <sheetpath names="/" tstamps="/"/>
      <tstamp>5BEDBA2D</tstamp>
    </comp>
    <comp ref="Q1">
      <value>BC548</value>
      <footprint>TO_SOT_Packages_THT:TO-92_Inline_Wide</footprint>
      <libsource lib="transistors" part="BC548"/>
      <sheetpath names="/" tstamps="/"/>
      <tstamp>5BEDCDC7</tstamp>
    </comp>
    <comp ref="P6">
      <value>LEDs</value>
      <footprint>Connect:bornier4</footprint>
      <libsource lib="conn" part="CONN_01X04"/>
      <sheetpath names="/" tstamps="/"/>
      <tstamp>5BEE35B7</tstamp>
    </comp>
    <comp ref="C8">
      <value>NC</value>
      <footprint>Capacitors_ThroughHole:C_Disc_D6_P5</footprint>
      <libsource lib="device" part="C"/>
      <sheetpath names="/" tstamps="/"/>
      <tstamp>5BEE8811</tstamp>
    </comp>
    <comp ref="P7">
      <value>ADC(NC)</value>
      <footprint>Pin_Headers:Pin_Header_Straight_1x03</footprint>
      <libsource lib="conn" part="CONN_01X03"/>
      <sheetpath names="/" tstamps="/"/>
      <tstamp>5BEEBD2F</tstamp>
    </comp>
    <comp ref="R3">
      <value>100k</value>
      <footprint>Discret:R4</footprint>
      <libsource lib="device" part="R"/>
      <sheetpath names="/" tstamps="/"/>
      <tstamp>5BEF16EE</tstamp>
    </comp>
    <comp ref="R6">
      <value>3k</value>
      <footprint>Discret:R5</footprint>
      <libsource lib="device" part="R"/>
      <sheetpath names="/" tstamps="/"/>
      <tstamp>5BEF1A72</tstamp>
    </comp>
    <comp ref="D3">
      <value>BAT54-04</value>
      <footprint>TO_SOT_Packages_SMD:SOT-23</footprint>
      <libsource lib="device" part="D_Schottky_x2_Serial_AKC"/>
      <sheetpath names="/" tstamps="/"/>
      <tstamp>5BEF21C0</tstamp>
    </comp>
    <comp ref="JP4">
      <value>JUMPER</value>
      <footprint>Pin_Headers:Pin_Header_Straight_1x02</footprint>
      <libsource lib="device" part="JUMPER"/>
      <sheetpath names="/" tstamps="/"/>
      <tstamp>5BEF257D</tstamp>
    </comp>
    <comp ref="R4">
      <value>100k</value>
      <footprint>Discret:R4</footprint>
      <libsource lib="device" part="R"/>
      <sheetpath names="/" tstamps="/"/>
      <tstamp>5BEF3136</tstamp>
    </comp>
    <comp ref="R9">
      <value>5k</value>
      <footprint>Discret:R4</footprint>
      <libsource lib="device" part="R"/>
      <sheetpath names="/" tstamps="/"/>
      <tstamp>5BEF313D</tstamp>
    </comp>
    <comp ref="D4">
      <value>BAT54-04</value>
      <footprint>TO_SOT_Packages_SMD:SOT-23</footprint>
      <libsource lib="device" part="D_Schottky_x2_Serial_AKC"/>
      <sheetpath names="/" tstamps="/"/>
      <tstamp>5BEF314A</tstamp>
    </comp>
    <comp ref="R5">
      <value>(NC)</value>
      <footprint>Discret:R4</footprint>
      <libsource lib="device" part="R"/>
      <sheetpath names="/" tstamps="/"/>
      <tstamp>5BEF353C</tstamp>
    </comp>
    <comp ref="R10">
      <value>(NC)</value>
      <footprint>Discret:R4</footprint>
      <libsource lib="device" part="R"/>
      <sheetpath names="/" tstamps="/"/>
      <tstamp>5BEF3543</tstamp>
    </comp>
    <comp ref="D5">
      <value>BAT54-04</value>
      <footprint>TO_SOT_Packages_SMD:SOT-23</footprint>
      <libsource lib="device" part="D_Schottky_x2_Serial_AKC"/>
      <sheetpath names="/" tstamps="/"/>
      <tstamp>5BEF3550</tstamp>
    </comp>
  </components>
  <libparts>
    <libpart lib="ACS712ELCTR-05B-T" part="ACS712ELCTR-05B-T">
      <fields>
        <field name="Reference">U</field>
        <field name="Value">ACS712ELCTR-05B-T</field>
        <field name="Footprint">SOIC127P600X175-8N</field>
        <field name="Datasheet">SOIC-8 Allegro MicroSystems LLC</field>
        <field name="Field4">Allegro MicroSystems LLC</field>
        <field name="Field5">Fully Integrated, Hall Effect-Based Linear Current Sensor IC with 2.1 kVRMS Voltage Isolation and a Low-Resistance Cu...</field>
        <field name="Field6">Unavailable</field>
        <field name="Field7">ACS712ELCTR-05B-T</field>
        <field name="Field8">None</field>
      </fields>
      <pins>
        <pin num="1" name="IP+_2" type="input"/>
        <pin num="2" name="IP+" type="input"/>
        <pin num="3" name="IP-" type="input"/>
        <pin num="4" name="IP-_2" type="input"/>
        <pin num="5" name="GND" type="passive"/>
        <pin num="6" name="FILTER" type="input"/>
        <pin num="7" name="VIOUT" type="output"/>
        <pin num="8" name="VCC" type="power_in"/>
      </pins>
    </libpart>
    <libpart lib="transistors" part="BC547">
      <aliases>
        <alias>BC546</alias>
        <alias>BC548</alias>
        <alias>BC549</alias>
        <alias>BC550</alias>
      </aliases>
      <description>45V Vce, 0.1A Ic, NPN, Small Signal Transistor, TO-92</description>
      <docs>http://www.fairchildsemi.com/ds/BC/BC547.pdf</docs>
      <footprints>
        <fp>TO-92*</fp>
      </footprints>
      <fields>
        <field name="Reference">Q</field>
        <field name="Value">BC547</field>
        <field name="Footprint">TO-92</field>
      </fields>
      <pins>
        <pin num="1" name="C" type="passive"/>
        <pin num="2" name="B" type="input"/>
        <pin num="3" name="E" type="passive"/>
      </pins>
    </libpart>
    <libpart lib="device" part="C">
      <description>Unpolarized capacitor</description>
      <footprints>
        <fp>C?</fp>
        <fp>C_????_*</fp>
        <fp>C_????</fp>
        <fp>SMD*_c</fp>
        <fp>Capacitor*</fp>
      </footprints>
      <fields>
        <field name="Reference">C</field>
        <field name="Value">C</field>
      </fields>
      <pins>
        <pin num="1" name="~" type="passive"/>
        <pin num="2" name="~" type="passive"/>
      </pins>
    </libpart>
    <libpart lib="conn" part="CONN_01X02">
      <description>Connector 01x02</description>
      <footprints>
        <fp>Pin_Header_Straight_1X02</fp>
        <fp>Pin_Header_Angled_1X02</fp>
        <fp>Socket_Strip_Straight_1X02</fp>
        <fp>Socket_Strip_Angled_1X02</fp>
      </footprints>
      <fields>
        <field name="Reference">P</field>
        <field name="Value">CONN_01X02</field>
      </fields>
      <pins>
        <pin num="1" name="P1" type="passive"/>
        <pin num="2" name="P2" type="passive"/>
      </pins>
    </libpart>
    <libpart lib="conn" part="CONN_01X03">
      <description>Connector 01x03</description>
      <footprints>
        <fp>Pin_Header_Straight_1X03</fp>
        <fp>Pin_Header_Angled_1X03</fp>
        <fp>Socket_Strip_Straight_1X03</fp>
        <fp>Socket_Strip_Angled_1X03</fp>
      </footprints>
      <fields>
        <field name="Reference">P</field>
        <field name="Value">CONN_01X03</field>
      </fields>
      <pins>
        <pin num="1" name="P1" type="passive"/>
        <pin num="2" name="P2" type="passive"/>
        <pin num="3" name="P3" type="passive"/>
      </pins>
    </libpart>
    <libpart lib="conn" part="CONN_01X04">
      <description>Connector 01x04</description>
      <footprints>
        <fp>Pin_Header_Straight_1X04</fp>
        <fp>Pin_Header_Angled_1X04</fp>
        <fp>Socket_Strip_Straight_1X04</fp>
        <fp>Socket_Strip_Angled_1X04</fp>
      </footprints>
      <fields>
        <field name="Reference">P</field>
        <field name="Value">CONN_01X04</field>
      </fields>
      <pins>
        <pin num="1" name="P1" type="passive"/>
        <pin num="2" name="P2" type="passive"/>
        <pin num="3" name="P3" type="passive"/>
        <pin num="4" name="P4" type="passive"/>
      </pins>
    </libpart>
    <libpart lib="conn" part="CONN_02X05">
      <description>Connector 02x05</description>
      <footprints>
        <fp>Pin_Header_Straight_2X05</fp>
        <fp>Pin_Header_Angled_2X05</fp>
        <fp>Socket_Strip_Straight_2X05</fp>
        <fp>Socket_Strip_Angled_2X05</fp>
      </footprints>
      <fields>
        <field name="Reference">P</field>
        <field name="Value">CONN_02X05</field>
      </fields>
      <pins>
        <pin num="1" name="P1" type="passive"/>
        <pin num="2" name="P2" type="passive"/>
        <pin num="3" name="P3" type="passive"/>
        <pin num="4" name="P4" type="passive"/>
        <pin num="5" name="P5" type="passive"/>
        <pin num="6" name="P6" type="passive"/>
        <pin num="7" name="P7" type="passive"/>
        <pin num="8" name="P8" type="passive"/>
        <pin num="9" name="P9" type="passive"/>
        <pin num="10" name="P10" type="passive"/>
      </pins>
    </libpart>
    <libpart lib="device" part="CP">
      <description>Polarised capacitor</description>
      <footprints>
        <fp>CP*</fp>
        <fp>Elko*</fp>
        <fp>TantalC*</fp>
        <fp>C*elec</fp>
        <fp>c_elec*</fp>
        <fp>SMD*_Pol</fp>
      </footprints>
      <fields>
        <field name="Reference">C</field>
        <field name="Value">CP</field>
      </fields>
      <pins>
        <pin num="1" name="~" type="passive"/>
        <pin num="2" name="~" type="passive"/>
      </pins>
    </libpart>
    <libpart lib="device" part="D">
      <description>Diode</description>
      <footprints>
        <fp>Diode_*</fp>
        <fp>D-Pak_TO252AA</fp>
        <fp>*SingleDiode</fp>
        <fp>*_Diode_*</fp>
        <fp>*SingleDiode*</fp>
      </footprints>
      <fields>
        <field name="Reference">D</field>
        <field name="Value">D</field>
      </fields>
      <pins>
        <pin num="1" name="K" type="passive"/>
        <pin num="2" name="A" type="passive"/>
      </pins>
    </libpart>
    <libpart lib="device" part="D_Schottky_x2_Serial_AKC">
      <description>Double diode Schottky (Serie)</description>
      <fields>
        <field name="Reference">D</field>
        <field name="Value">D_Schottky_x2_Serial_AKC</field>
      </fields>
      <pins>
        <pin num="1" name="A" type="passive"/>
        <pin num="2" name="K" type="passive"/>
        <pin num="3" name="common" type="passive"/>
      </pins>
    </libpart>
    <libpart lib="device" part="Diode_Bridge">
      <description>Diode bridge</description>
      <fields>
        <field name="Reference">D</field>
        <field name="Value">Diode_Bridge</field>
      </fields>
      <pins>
        <pin num="1" name="-" type="input"/>
        <pin num="2" name="~" type="input"/>
        <pin num="3" name="+" type="input"/>
        <pin num="4" name="~" type="input"/>
      </pins>
    </libpart>
    <libpart lib="device" part="FUSE">
      <fields>
        <field name="Reference">F</field>
        <field name="Value">FUSE</field>
      </fields>
      <pins>
        <pin num="1" name="~" type="input"/>
        <pin num="2" name="~" type="input"/>
      </pins>
    </libpart>
    <libpart lib="transistors" part="IRF540N">
      <description>100V Vds, 33A Id, HEXFET N-Channel MOSFET, TO-220</description>
      <docs>http://www.irf.com/product-info/datasheets/data/irf540n.pdf</docs>
      <footprints>
        <fp>TO-220*</fp>
      </footprints>
      <fields>
        <field name="Reference">Q</field>
        <field name="Value">IRF540N</field>
        <field name="Footprint">TO-220</field>
      </fields>
      <pins>
        <pin num="1" name="G" type="input"/>
        <pin num="2" name="D" type="passive"/>
        <pin num="3" name="S" type="passive"/>
      </pins>
    </libpart>
    <libpart lib="device" part="JUMPER">
      <fields>
        <field name="Reference">JP</field>
        <field name="Value">JUMPER</field>
      </fields>
      <pins>
        <pin num="1" name="1" type="passive"/>
        <pin num="2" name="2" type="passive"/>
      </pins>
    </libpart>
    <libpart lib="regul" part="LD1117S33TR">
      <aliases>
        <alias>LD1117S33CTR</alias>
        <alias>LD1117S12TR</alias>
        <alias>LD1117S12CTR</alias>
        <alias>LD1117S18TR</alias>
        <alias>LD1117S18CTR</alias>
        <alias>LD1117S25TR</alias>
        <alias>LD1117S25CTR</alias>
        <alias>LD1117S50TR</alias>
        <alias>LD1117S50CTR</alias>
      </aliases>
      <description>800mA Fixed Low Drop Positive Voltage Regulator, Fixed Output 3.3V, SOT223</description>
      <docs>http://www.st.com/st-web-ui/static/active/en/resource/technical/document/datasheet/CD00000544.pdf</docs>
      <footprints>
        <fp>SOT223</fp>
      </footprints>
      <fields>
        <field name="Reference">U</field>
        <field name="Value">LD1117S33TR</field>
        <field name="Footprint">SOT-223</field>
      </fields>
      <pins>
        <pin num="1" name="GND" type="power_in"/>
        <pin num="2" name="VO" type="power_out"/>
        <pin num="3" name="VI" type="power_in"/>
      </pins>
    </libpart>
    <libpart lib="plytka_0_1-cache" part="MCP3008-RESCUE-plytka_0_1">
      <footprints>
        <fp>DIP-16*</fp>
        <fp>SOIC-16*</fp>
      </footprints>
      <fields>
        <field name="Reference">U</field>
        <field name="Value">MCP3008-RESCUE-plytka_0_1</field>
      </fields>
      <pins>
        <pin num="1" name="CH0" type="input"/>
        <pin num="2" name="CH1" type="input"/>
        <pin num="3" name="CH2" type="input"/>
        <pin num="4" name="CH3" type="input"/>
        <pin num="5" name="CH4" type="input"/>
        <pin num="6" name="CH5" type="input"/>
        <pin num="7" name="CH6" type="input"/>
        <pin num="8" name="CH7" type="input"/>
        <pin num="9" name="DGND" type="power_in"/>
        <pin num="10" name="~CS~/SHDN" type="input"/>
        <pin num="11" name="DIN" type="input"/>
        <pin num="12" name="DOUT" type="output"/>
        <pin num="13" name="CLK" type="input"/>
        <pin num="14" name="AGND" type="power_in"/>
        <pin num="15" name="VREF" type="power_in"/>
        <pin num="16" name="VDD" type="power_in"/>
      </pins>
    </libpart>
    <libpart lib="nodemcu" part="NodeMCU_Amica_R2">
      <description>NodeMCU 0.9</description>
      <footprints>
        <fp>Pin_Header_Straight_1X15</fp>
        <fp>Pin_Header_Angled_1X15</fp>
        <fp>Socket_Strip_Straight_1X15</fp>
        <fp>Socket_Strip_Angled_1X15</fp>
      </footprints>
      <fields>
        <field name="Reference">U</field>
        <field name="Value">NodeMCU_Amica_R2</field>
      </fields>
      <pins>
        <pin num="1" name="A0" type="BiDi"/>
        <pin num="2" name="RSV" type="NotConnected"/>
        <pin num="3" name="RSV" type="NotConnected"/>
        <pin num="4" name="SD3" type="3state"/>
        <pin num="5" name="SD2" type="3state"/>
        <pin num="6" name="SD1" type="3state"/>
        <pin num="7" name="CMD" type="3state"/>
        <pin num="8" name="SD0" type="3state"/>
        <pin num="9" name="CLK" type="power_in"/>
        <pin num="10" name="GND" type="power_in"/>
        <pin num="11" name="3V3" type="power_in"/>
        <pin num="12" name="EN" type="3state"/>
        <pin num="13" name="RST" type="input"/>
        <pin num="14" name="GND" type="power_in"/>
        <pin num="15" name="Vin" type="power_in"/>
        <pin num="16" name="3V3" type="power_in"/>
        <pin num="17" name="GND" type="power_in"/>
        <pin num="18" name="TX" type="3state"/>
        <pin num="19" name="RX" type="3state"/>
        <pin num="20" name="D8" type="BiDi"/>
        <pin num="21" name="D7" type="BiDi"/>
        <pin num="22" name="D6" type="BiDi"/>
        <pin num="23" name="D5" type="BiDi"/>
        <pin num="24" name="GND" type="power_in"/>
        <pin num="25" name="3V3" type="power_in"/>
        <pin num="26" name="D4" type="BiDi"/>
        <pin num="27" name="D3" type="BiDi"/>
        <pin num="28" name="D2" type="BiDi"/>
        <pin num="29" name="D1" type="BiDi"/>
        <pin num="30" name="D0" type="BiDi"/>
      </pins>
    </libpart>
    <libpart lib="device" part="R">
      <description>Resistor</description>
      <footprints>
        <fp>R_*</fp>
        <fp>Resistor_*</fp>
      </footprints>
      <fields>
        <field name="Reference">R</field>
        <field name="Value">R</field>
      </fields>
      <pins>
        <pin num="1" name="~" type="passive"/>
        <pin num="2" name="~" type="passive"/>
      </pins>
    </libpart>
    <libpart lib="w_relay" part="RELAY_T9AS5x1">
      <footprints>
        <fp>relay_T9AS5x1</fp>
      </footprints>
      <fields>
        <field name="Reference">RLY</field>
        <field name="Value">RELAY_T9AS5x1</field>
      </fields>
      <pins>
        <pin num="1" name="~" type="passive"/>
        <pin num="2" name="~" type="passive"/>
        <pin num="3" name="~" type="passive"/>
        <pin num="4" name="~" type="passive"/>
        <pin num="5" name="~" type="passive"/>
      </pins>
    </libpart>
    <libpart lib="plytka_0_1-cache" part="TLE_4266">
      <footprints>
        <fp>SOT223</fp>
      </footprints>
      <fields>
        <field name="Reference">U</field>
        <field name="Value">TLE_4266</field>
        <field name="Footprint">SOT-223</field>
      </fields>
      <pins>
        <pin num="1" name="VI" type="power_in"/>
        <pin num="2" name="INH" type="power_out"/>
        <pin num="3" name="VO" type="power_out"/>
        <pin num="4" name="GND" type="power_in"/>
      </pins>
    </libpart>
    <libpart lib="plytka_0_1-rescue" part="TRANSFO-RESCUE-plytka_0_1">
      <fields>
        <field name="Reference">T</field>
        <field name="Value">TRANSFO-RESCUE-plytka_0_1</field>
      </fields>
      <pins>
        <pin num="1" name="AA" type="passive"/>
        <pin num="5" name="AB" type="passive"/>
        <pin num="7" name="SB" type="passive"/>
        <pin num="9" name="SA" type="passive"/>
      </pins>
    </libpart>
  </libparts>
  <libraries>
    <library logical="plytka_0_1-rescue">
      <uri>/home/jb/Dokumenty/Lampa/repo/kicad/plytka_0_1-rescue.lib</uri>
    </library>
    <library logical="nodemcu">
      <uri>/home/jb/Dokumenty/Lampa/repo/kicad/libs_external/kicad-lib-master/nodemcu.lib</uri>
    </library>
    <library logical="w_relay">
      <uri>/home/jb/Dokumenty/Lampa/repo/kicad/libs_external/lib_w_relay/w_relay.lib</uri>
    </library>
    <library logical="plytka_0_1-cache">
      <uri>/home/jb/Dokumenty/Lampa/repo/kicad/plytka_0_1-cache.lib</uri>
    </library>
    <library logical="ACS712ELCTR-05B-T">
      <uri>/home/jb/Dokumenty/Lampa/repo/kicad/libs_external/ACS712ELCTR-05B-T/ACS712ELCTR-05B-T.lib</uri>
    </library>
    <library logical="regul">
      <uri>/usr/share/kicad/library/regul.lib</uri>
    </library>
    <library logical="conn">
      <uri>/usr/share/kicad/library/conn.lib</uri>
    </library>
    <library logical="transistors">
      <uri>/usr/share/kicad/library/transistors.lib</uri>
    </library>
    <library logical="device">
      <uri>/usr/share/kicad/library/device.lib</uri>
    </library>
  </libraries>
  <nets>
    <net code="1" name="+5V">
      <node ref="C7" pin="1"/>
      <node ref="U1" pin="8"/>
      <node ref="P10" pin="4"/>
      <node ref="P10" pin="3"/>
      <node ref="RLY1" pin="2"/>
      <node ref="U3" pin="15"/>
      <node ref="D1" pin="1"/>
      <node ref="C5" pin="1"/>
      <node ref="U4" pin="2"/>
    </net>
    <net code="2" name="ESP_PWM_OUT">
      <node ref="U5" pin="7"/>
      <node ref="U3" pin="28"/>
      <node ref="R7" pin="2"/>
    </net>
    <net code="3" name="Net-(P7-Pad3)">
      <node ref="P7" pin="3"/>
      <node ref="U5" pin="4"/>
    </net>
    <net code="4" name="Net-(P7-Pad2)">
      <node ref="P7" pin="2"/>
      <node ref="U5" pin="5"/>
    </net>
    <net code="5" name="Net-(P7-Pad1)">
      <node ref="U5" pin="6"/>
      <node ref="P7" pin="1"/>
    </net>
    <net code="6" name="LED2-">
      <node ref="P6" pin="1"/>
      <node ref="P1" pin="2"/>
      <node ref="JP3" pin="2"/>
    </net>
    <net code="7" name="Net-(F2-Pad2)">
      <node ref="F2" pin="2"/>
      <node ref="U1" pin="1"/>
      <node ref="U1" pin="2"/>
    </net>
    <net code="8" name="+3V3">
      <node ref="D3" pin="2"/>
      <node ref="D5" pin="2"/>
      <node ref="D4" pin="2"/>
      <node ref="R2" pin="1"/>
      <node ref="P5" pin="1"/>
      <node ref="U3" pin="11"/>
      <node ref="P4" pin="1"/>
      <node ref="U3" pin="16"/>
      <node ref="U3" pin="25"/>
      <node ref="P10" pin="5"/>
      <node ref="P10" pin="6"/>
      <node ref="U5" pin="15"/>
      <node ref="U5" pin="16"/>
    </net>
    <net code="9" name="DIM+">
      <node ref="U2" pin="3"/>
      <node ref="U4" pin="3"/>
      <node ref="P10" pin="2"/>
      <node ref="P10" pin="1"/>
      <node ref="C4" pin="1"/>
      <node ref="C3" pin="1"/>
      <node ref="P1" pin="3"/>
    </net>
    <net code="10" name="Net-(P9-Pad1)">
      <node ref="P9" pin="1"/>
      <node ref="U3" pin="19"/>
    </net>
    <net code="11" name="Net-(U3-Pad2)">
      <node ref="U3" pin="2"/>
    </net>
    <net code="12" name="Net-(U3-Pad1)">
      <node ref="U3" pin="1"/>
    </net>
    <net code="13" name="Net-(P8-Pad1)">
      <node ref="P8" pin="1"/>
      <node ref="U3" pin="30"/>
    </net>
    <net code="14" name="Net-(P8-Pad2)">
      <node ref="P8" pin="2"/>
      <node ref="U3" pin="29"/>
    </net>
    <net code="15" name="Net-(P9-Pad2)">
      <node ref="U3" pin="18"/>
      <node ref="P9" pin="2"/>
    </net>
    <net code="16" name="Net-(U3-Pad3)">
      <node ref="U3" pin="3"/>
    </net>
    <net code="17" name="GND">
      <node ref="U5" pin="14"/>
      <node ref="U2" pin="2"/>
      <node ref="C1" pin="2"/>
      <node ref="U3" pin="24"/>
      <node ref="U2" pin="4"/>
      <node ref="C6" pin="2"/>
      <node ref="U5" pin="9"/>
      <node ref="P4" pin="3"/>
      <node ref="U3" pin="14"/>
      <node ref="U3" pin="17"/>
      <node ref="P5" pin="3"/>
      <node ref="P10" pin="7"/>
      <node ref="D2" pin="1"/>
      <node ref="Q1" pin="3"/>
      <node ref="P10" pin="9"/>
      <node ref="U3" pin="10"/>
      <node ref="P10" pin="10"/>
      <node ref="C7" pin="2"/>
      <node ref="P10" pin="8"/>
      <node ref="C5" pin="2"/>
      <node ref="R9" pin="1"/>
      <node ref="JP4" pin="2"/>
      <node ref="U4" pin="1"/>
      <node ref="C4" pin="2"/>
      <node ref="C3" pin="2"/>
      <node ref="D4" pin="1"/>
      <node ref="R10" pin="1"/>
      <node ref="D5" pin="1"/>
      <node ref="R8" pin="2"/>
      <node ref="R6" pin="1"/>
      <node ref="Q2" pin="3"/>
      <node ref="D3" pin="1"/>
      <node ref="C8" pin="2"/>
      <node ref="C2" pin="2"/>
      <node ref="U1" pin="5"/>
    </net>
    <net code="18" name="LED1+">
      <node ref="JP1" pin="2"/>
      <node ref="U1" pin="3"/>
      <node ref="P6" pin="4"/>
      <node ref="U1" pin="4"/>
    </net>
    <net code="19" name="MCP_CLK">
      <node ref="U3" pin="23"/>
      <node ref="U5" pin="13"/>
    </net>
    <net code="20" name="MCP_DOUT">
      <node ref="U5" pin="12"/>
      <node ref="U3" pin="22"/>
    </net>
    <net code="21" name="MCP_DIN">
      <node ref="U5" pin="11"/>
      <node ref="U3" pin="21"/>
    </net>
    <net code="22" name="MCP_CS">
      <node ref="U3" pin="20"/>
      <node ref="U5" pin="10"/>
    </net>
    <net code="23" name="Net-(U3-Pad9)">
      <node ref="U3" pin="9"/>
    </net>
    <net code="24" name="Net-(U3-Pad8)">
      <node ref="U3" pin="8"/>
    </net>
    <net code="25" name="Net-(U3-Pad7)">
      <node ref="U3" pin="7"/>
    </net>
    <net code="26" name="Net-(U3-Pad6)">
      <node ref="U3" pin="6"/>
    </net>
    <net code="27" name="Net-(U3-Pad5)">
      <node ref="U3" pin="5"/>
    </net>
    <net code="28" name="Net-(U3-Pad4)">
      <node ref="U3" pin="4"/>
    </net>
    <net code="29" name="Net-(JP3-Pad1)">
      <node ref="JP3" pin="1"/>
      <node ref="R5" pin="2"/>
    </net>
    <net code="30" name="ADC_LED2_IN-">
      <node ref="R5" pin="1"/>
      <node ref="D5" pin="3"/>
      <node ref="R10" pin="2"/>
      <node ref="U5" pin="3"/>
    </net>
    <net code="31" name="DIM-">
      <node ref="JP4" pin="1"/>
      <node ref="P1" pin="4"/>
      <node ref="Q2" pin="2"/>
    </net>
    <net code="32" name="ADC_LED1_IN+">
      <node ref="R3" pin="1"/>
      <node ref="D3" pin="3"/>
      <node ref="U5" pin="1"/>
      <node ref="R6" pin="2"/>
    </net>
    <net code="33" name="Net-(JP2-Pad1)">
      <node ref="R4" pin="2"/>
      <node ref="JP2" pin="1"/>
    </net>
    <net code="34" name="ADC_LED_COMON">
      <node ref="U5" pin="2"/>
      <node ref="R4" pin="1"/>
      <node ref="D4" pin="3"/>
      <node ref="R9" pin="2"/>
    </net>
    <net code="35" name="Net-(P2-Pad1)">
      <node ref="T1" pin="5"/>
      <node ref="P3" pin="1"/>
      <node ref="P2" pin="1"/>
    </net>
    <net code="36" name="Net-(P3-Pad3)">
      <node ref="P3" pin="3"/>
      <node ref="RLY1" pin="3"/>
    </net>
    <net code="37" name="LED1-">
      <node ref="P6" pin="2"/>
      <node ref="P6" pin="3"/>
      <node ref="JP2" pin="2"/>
    </net>
    <net code="38" name="VAA">
      <node ref="P1" pin="1"/>
      <node ref="F2" pin="1"/>
    </net>
    <net code="39" name="Earth_Protective">
      <node ref="P3" pin="2"/>
      <node ref="P2" pin="2"/>
    </net>
    <net code="40" name="Net-(JP1-Pad1)">
      <node ref="JP1" pin="1"/>
      <node ref="R3" pin="2"/>
    </net>
    <net code="41" name="Net-(C6-Pad1)">
      <node ref="C6" pin="1"/>
      <node ref="C8" pin="1"/>
      <node ref="U1" pin="6"/>
    </net>
    <net code="42" name="Net-(D1-Pad2)">
      <node ref="Q1" pin="1"/>
      <node ref="D1" pin="2"/>
      <node ref="RLY1" pin="1"/>
    </net>
    <net code="43" name="Net-(Q1-Pad2)">
      <node ref="R1" pin="1"/>
      <node ref="Q1" pin="2"/>
    </net>
    <net code="44" name="LED_Current">
      <node ref="U5" pin="8"/>
      <node ref="U1" pin="7"/>
    </net>
    <net code="45" name="DS18b20">
      <node ref="P5" pin="2"/>
      <node ref="P4" pin="2"/>
      <node ref="U3" pin="27"/>
      <node ref="R2" pin="2"/>
    </net>
    <net code="46" name="Net-(U3-Pad12)">
      <node ref="U3" pin="12"/>
    </net>
    <net code="47" name="Net-(U3-Pad13)">
      <node ref="U3" pin="13"/>
    </net>
    <net code="48" name="Net-(F1-Pad2)">
      <node ref="RLY1" pin="4"/>
      <node ref="F1" pin="2"/>
      <node ref="T1" pin="1"/>
    </net>
    <net code="49" name="Net-(RLY1-Pad5)">
      <node ref="RLY1" pin="5"/>
    </net>
    <net code="50" name="Net-(F1-Pad1)">
      <node ref="P2" pin="3"/>
      <node ref="F1" pin="1"/>
    </net>
    <net code="51" name="Net-(D2-Pad2)">
      <node ref="T1" pin="7"/>
      <node ref="D2" pin="2"/>
    </net>
    <net code="52" name="Net-(D2-Pad4)">
      <node ref="T1" pin="9"/>
      <node ref="D2" pin="4"/>
    </net>
    <net code="53" name="LED_ON">
      <node ref="R1" pin="2"/>
      <node ref="U3" pin="26"/>
    </net>
    <net code="54" name="Net-(Q2-Pad1)">
      <node ref="Q2" pin="1"/>
      <node ref="R7" pin="1"/>
      <node ref="R8" pin="1"/>
    </net>
    <net code="55" name="Net-(C1-Pad1)">
      <node ref="C2" pin="1"/>
      <node ref="D2" pin="3"/>
      <node ref="C1" pin="1"/>
      <node ref="U2" pin="1"/>
    </net>
  </nets>
</export>
